salesID,productID,customerID,StaffID,Quantity,Selling Price,Discount,Total Price,Payment method,Date
10011,201,42,501,2,1500,0,3000,paypal,7/7/2022
10012,213,51,505,4,1500,0,6000,bank deposit,12/17/2022
10013,220,42,505,2,2300,0,4600,bank deposit,8/10/2022
10014,215,85,505,3,1800,0,5400,paypal,5/7/2023
10015,202,24,504,2,2000,0,4000,credit card,4/29/2023
10016,204,7,503,4,1200,0,4800,credit card,11/19/2022
10017,219,30,503,4,1900,0,7600,bank deposit,8/30/2022
10018,218,15,501,2,2200,0,4400,bank deposit,8/3/2022
10019,201,84,502,4,1500,0,6000,credit card,9/5/2023
10020,208,58,502,1,2300,0,2300,credit card,1/23/2023
10021,204,98,503,3,1200,0,3600,debit card,3/22/2023
10022,211,39,505,3,2700,0,8100,paypal,8/17/2023
10023,214,29,503,1,2000,0,2000,paypal,11/19/2022
10024,205,44,502,2,1700,0,3400,paypal,7/19/2023
10025,208,64,502,2,2300,0,4600,paypal,7/17/2022
10026,215,101,502,4,1800,0,7200,bank deposit,8/15/2022
10027,202,27,502,1,2000,0.3,1400,paypal,11/26/2022
10028,205,51,503,3,1700,0.23,3927,bank deposit,9/7/2023
10029,220,81,505,2,2300,0,4600,paypal,4/11/2023
10030,205,109,501,1,1700,0,1700,paypal,1/25/2023
10031,218,24,504,2,2200,0,4400,paypal,7/6/2022
10032,207,56,502,2,1900,0,3800,bank deposit,12/3/2022
10033,216,39,501,3,1200,0,3600,bank deposit,12/19/2022
10034,211,14,503,1,2700,0,2700,credit card,10/13/2022
10035,209,31,504,3,1600,0.25,3600,bank deposit,2/5/2023
10036,207,34,503,1,1900,0,1900,bank deposit,1/9/2023
10037,202,97,504,4,2000,0.2,6400,paypal,8/7/2022
10038,212,75,502,4,2400,0.15,8160,paypal,1/8/2023
10039,204,68,505,1,1200,0,1200,bank deposit,1/18/2023
10040,203,17,505,3,1800,0,5400,debit card,9/28/2022
10041,220,42,503,2,2300,0,4600,bank deposit,12/16/2022
10042,202,4,503,3,2000,0,6000,credit card,1/23/2023
10043,207,15,502,3,1900,0,5700,paypal,6/6/2023
10044,217,107,503,3,1700,0,5100,paypal,4/25/2023
10045,211,65,504,2,2700,0,5400,paypal,10/2/2022
10046,208,3,505,1,2300,0.01,2277,credit card,3/21/2023
10047,207,47,504,2,1900,0.25,2850,debit card,12/31/2022
10048,210,45,501,4,2500,0,10000,debit card,9/15/2022
10049,214,111,503,4,2000,0,8000,debit card,2/16/2023
10050,203,102,504,4,1800,0,7200,paypal,1/5/2023
10051,215,92,502,2,1800,0,3600,debit card,1/31/2023
10052,204,100,502,4,1200,0,4800,debit card,8/23/2023
10053,204,39,501,3,1200,0,3600,debit card,8/4/2022
10054,210,1,503,3,2500,0,7500,bank deposit,1/26/2023
10055,205,57,501,4,1700,0,6800,credit card,7/12/2023
10056,211,34,503,2,2700,0,5400,paypal,8/11/2023
10057,212,82,502,2,2400,0,4800,bank deposit,7/8/2022
10058,209,17,505,1,1600,0,1600,credit card,11/23/2022
10059,218,68,501,2,2200,0,4400,debit card,9/12/2023
10060,204,66,501,3,1200,0,3600,bank deposit,1/28/2023
10061,206,64,505,2,2200,0,4400,credit card,3/31/2023
10062,205,105,502,2,1700,0,3400,bank deposit,4/10/2023
10063,219,47,503,2,1900,0,3800,bank deposit,7/15/2022
10064,211,70,505,2,2700,0.25,4050,bank deposit,8/2/2023
10065,208,58,503,1,2300,0,2300,paypal,6/11/2023
10066,217,12,501,1,1700,0,1700,debit card,11/3/2022
10067,216,97,501,3,1200,0,3600,bank deposit,6/16/2023
10068,201,1,502,1,1500,0,1500,bank deposit,9/24/2022
10069,209,66,503,2,1600,0,3200,debit card,4/3/2023
10070,212,32,505,1,2400,0,2400,bank deposit,7/28/2023
10071,212,90,502,3,2400,0,7200,paypal,9/21/2022
10072,201,56,505,2,1500,0,3000,bank deposit,3/11/2023
10073,202,23,503,4,2000,0,8000,bank deposit,6/24/2023
10074,205,65,505,3,1700,0,5100,paypal,11/29/2022
10075,203,18,504,2,1800,0,3600,paypal,7/28/2023
10076,203,92,501,3,1800,0,5400,credit card,2/17/2023
10077,206,76,505,2,2200,0,4400,credit card,7/19/2022
10078,217,25,503,3,1700,0,5100,paypal,10/18/2022
10079,209,96,503,4,1600,0,6400,debit card,8/23/2022
10080,217,49,504,3,1700,0,5100,paypal,9/4/2022
10081,202,110,505,3,2000,0,6000,paypal,9/17/2022
10082,207,102,504,4,1900,0,7600,bank deposit,7/10/2023
10083,211,67,502,1,2700,0,2700,credit card,2/24/2023
10084,214,16,505,1,2000,0,2000,debit card,8/3/2023
10085,204,111,502,3,1200,0,3600,bank deposit,11/30/2022
10086,204,16,504,2,1200,0,2400,paypal,9/19/2022
10087,220,79,502,4,2300,0,9200,bank deposit,8/16/2022
10088,216,110,503,3,1200,0,3600,bank deposit,9/15/2022
10089,212,14,503,2,2400,0,4800,paypal,6/28/2023
10090,212,35,503,2,2400,0,4800,paypal,6/12/2023
10091,213,97,503,1,1500,0,1500,bank deposit,8/7/2022
10092,216,25,504,2,1200,0,2400,paypal,2/4/2023
10093,220,62,501,3,2300,0,6900,bank deposit,12/9/2022
10094,214,63,503,3,2000,0,6000,bank deposit,9/3/2023
10095,210,61,502,2,2500,0,5000,debit card,8/17/2022
10096,203,112,503,2,1800,0,3600,bank deposit,8/4/2022
10097,219,95,502,1,1900,0,1900,bank deposit,8/18/2022
10098,214,67,505,4,2000,0,8000,paypal,12/26/2022
10099,209,64,501,4,1600,0,6400,credit card,6/10/2023
10100,220,11,501,2,2300,0,4600,debit card,8/4/2022
10101,219,83,504,1,1900,0,1900,debit card,3/31/2023
10102,202,25,501,1,2000,0,2000,bank deposit,11/10/2022
10103,216,94,502,3,1200,0,3600,paypal,4/6/2023
10104,212,62,503,1,2400,0,2400,debit card,11/15/2022
10105,214,42,505,1,2000,0,2000,bank deposit,10/17/2022
10106,206,67,504,1,2200,0,2200,debit card,9/6/2022
10107,204,79,501,2,1200,0,2400,debit card,10/14/2022
10108,211,14,504,3,2700,0,8100,bank deposit,9/23/2023
10109,207,111,505,1,1900,0,1900,debit card,3/2/2023
10110,203,32,502,4,1800,0,7200,debit card,9/12/2022
10111,211,9,504,4,2700,0,10800,paypal,9/28/2022
10112,207,62,504,2,1900,0,3800,bank deposit,3/1/2023
10113,217,53,501,3,1700,0,5100,debit card,7/15/2023
10114,214,95,501,3,2000,0,6000,debit card,3/25/2023
10115,218,42,501,1,2200,0,2200,debit card,7/15/2023
10116,205,24,502,4,1700,0,6800,credit card,4/22/2023
10117,212,67,505,3,2400,0,7200,paypal,9/19/2022
10118,203,81,501,1,1800,0,1800,paypal,3/10/2023
10119,205,99,503,4,1700,0,6800,debit card,10/28/2022
10120,215,89,503,3,1800,0,5400,credit card,10/16/2022
10121,204,8,505,3,1200,0,3600,credit card,2/7/2023
10122,219,51,505,4,1900,0,7600,bank deposit,8/20/2022
10123,211,18,505,2,2700,0,5400,paypal,10/28/2022
10124,208,96,505,4,2300,0,9200,bank deposit,12/22/2022
10125,204,89,501,2,1200,0,2400,debit card,12/11/2022
10126,208,67,504,3,2300,0,6900,paypal,8/14/2022
10127,208,23,501,3,2300,0,6900,credit card,5/8/2023
10128,213,14,504,1,1500,0,1500,bank deposit,3/26/2023
10129,213,75,503,4,1500,0,6000,paypal,6/13/2023
10130,212,11,504,2,2400,0,4800,credit card,3/2/2023
10131,216,82,501,2,1200,0,2400,credit card,12/25/2022
10132,216,47,503,2,1200,0,2400,credit card,9/11/2022
10133,211,61,504,3,2700,0,8100,bank deposit,11/19/2022
10134,217,80,505,2,1700,0,3400,bank deposit,8/29/2023
10135,216,35,503,1,1200,0,1200,debit card,11/19/2022
10136,213,87,502,4,1500,0,6000,paypal,12/19/2022
10137,216,74,505,2,1200,0,2400,paypal,7/21/2022
10138,209,70,505,1,1600,0,1600,credit card,6/7/2023
10139,210,53,505,3,2500,0,7500,debit card,3/4/2023
10140,216,34,505,3,1200,0,3600,paypal,3/4/2023
10141,203,83,501,4,1800,0,7200,credit card,1/17/2023
10142,215,82,503,1,1800,0,1800,credit card,7/6/2023
10143,205,56,504,4,1700,0,6800,paypal,3/8/2023
10144,214,2,502,3,2000,0,6000,paypal,3/16/2023
10145,214,98,501,2,2000,0,4000,paypal,6/29/2023
10146,210,78,505,3,2500,0,7500,bank deposit,8/12/2022
10147,213,57,502,4,1500,0,6000,debit card,9/21/2022
10148,219,99,505,3,1900,0,5700,credit card,8/20/2022
10149,219,74,504,1,1900,0,1900,paypal,1/29/2023
10150,216,95,505,3,1200,0,3600,bank deposit,5/11/2023
10151,220,82,504,1,2300,0,2300,bank deposit,1/13/2023
10152,206,103,501,2,2200,0,4400,credit card,2/23/2023
10153,218,93,503,1,2200,0,2200,credit card,8/19/2023
10154,202,50,505,3,2000,0,6000,credit card,10/6/2022
10155,207,10,504,2,1900,0,3800,paypal,8/12/2022
10156,216,30,501,1,1200,0,1200,bank deposit,8/5/2022
10157,205,112,501,2,1700,0,3400,debit card,11/15/2022
10158,216,76,505,3,1200,0,3600,credit card,8/13/2022
10159,215,103,502,4,1800,0,7200,paypal,8/28/2023
10160,219,71,504,3,1900,0,5700,bank deposit,9/9/2022
10161,217,60,505,3,1700,0,5100,credit card,11/1/2022
10162,216,14,504,4,1200,0,4800,bank deposit,1/12/2023
10163,210,36,502,3,2500,0,7500,paypal,11/26/2022
10164,202,64,501,1,2000,0,2000,debit card,7/10/2023
10165,211,83,505,2,2700,0,5400,bank deposit,11/26/2022
10166,214,87,505,1,2000,0,2000,credit card,8/10/2022
10167,208,24,501,2,2300,0,4600,credit card,1/30/2023
10168,215,59,505,3,1800,0,5400,bank deposit,1/19/2023
10169,212,103,503,2,2400,0,4800,paypal,5/31/2023
10170,212,16,505,1,2400,0,2400,paypal,9/6/2023
10171,220,98,503,3,2300,0,6900,debit card,2/27/2023
10172,207,101,502,3,1900,0,5700,credit card,3/16/2023
10173,211,74,502,3,2700,0,8100,credit card,8/30/2023
10174,210,2,501,4,2500,0,10000,bank deposit,4/14/2023
10175,220,79,504,3,2300,0,6900,credit card,7/2/2023
10176,219,27,503,4,1900,0,7600,credit card,8/15/2022
10177,219,11,502,4,1900,0,7600,paypal,7/11/2022
10178,206,112,504,2,2200,0,4400,debit card,2/3/2023
10179,203,102,502,4,1800,0,7200,debit card,2/21/2023
10180,204,42,502,3,1200,0,3600,credit card,3/1/2023
10181,207,34,504,3,1900,0,5700,bank deposit,2/26/2023
10182,216,103,501,2,1200,0,2400,debit card,4/1/2023
10183,203,38,501,1,1800,0,1800,debit card,6/13/2023
10184,209,36,505,1,1600,0,1600,credit card,11/28/2022
10185,219,19,501,4,1900,0,7600,bank deposit,1/3/2023
10186,213,5,502,1,1500,0,1500,paypal,7/5/2022
10187,210,54,502,2,2500,0,5000,credit card,8/22/2022
10188,219,2,503,3,1900,0,5700,bank deposit,9/10/2022
10189,207,79,501,1,1900,0,1900,credit card,11/24/2022
10190,201,31,503,3,1500,0,4500,paypal,8/6/2023
10191,214,5,501,1,2000,0,2000,bank deposit,3/5/2023
10192,218,7,502,3,2200,0,6600,debit card,9/22/2023
10193,209,18,502,2,1600,0,3200,credit card,7/31/2022
10194,213,13,502,1,1500,0,1500,credit card,7/18/2023
10195,220,15,501,3,2300,0,6900,paypal,4/16/2023
10196,206,16,502,2,2200,0,4400,credit card,10/18/2022
10197,207,21,502,2,1900,0,3800,paypal,4/13/2023
10198,220,5,504,1,2300,0,2300,paypal,8/30/2022
10199,211,25,504,4,2700,0,10800,paypal,2/19/2023
10200,205,80,502,2,1700,0,3400,debit card,2/22/2023
10201,202,41,503,4,2000,0,8000,paypal,2/6/2023
10202,203,29,505,3,1800,0,5400,credit card,8/22/2022
10203,212,53,502,2,2400,0,4800,paypal,3/14/2023
10204,202,71,505,2,2000,0,4000,credit card,9/30/2022
10205,203,112,505,3,1800,0,5400,paypal,2/9/2023
10206,208,27,504,3,2300,0,6900,debit card,11/6/2022
10207,208,18,505,1,2300,0,2300,bank deposit,6/1/2023
10208,206,23,503,4,2200,0,8800,debit card,3/20/2023
10209,212,25,502,2,2400,0,4800,paypal,12/22/2022
10210,208,39,504,1,2300,0,2300,bank deposit,2/21/2023
10211,206,96,505,1,2200,0,2200,bank deposit,11/8/2022
10212,207,30,501,1,1900,0,1900,paypal,5/13/2023
10213,203,66,502,3,1800,0,5400,paypal,7/14/2023
10214,206,12,501,2,2200,0,4400,bank deposit,6/25/2023
10215,211,16,502,2,2700,0,5400,paypal,5/9/2023
10216,208,5,501,3,2300,0,6900,debit card,8/16/2022
10217,216,42,504,1,1200,0,1200,credit card,9/4/2023
10218,203,25,504,3,1800,0,5400,debit card,6/13/2023
10219,212,66,502,1,2400,0,2400,debit card,9/11/2023
10220,201,11,501,1,1500,0,1500,bank deposit,11/17/2022
10221,211,98,504,2,2700,0,5400,debit card,2/16/2023
10222,215,2,501,4,1800,0,7200,bank deposit,9/30/2022
10223,216,13,501,2,1200,0,2400,credit card,7/8/2023
10224,211,112,502,3,2700,0,8100,credit card,11/12/2022
10225,205,74,505,2,1700,0,3400,credit card,11/30/2022
10226,220,63,501,3,2300,0,6900,credit card,8/14/2022
10227,210,24,504,1,2500,0,2500,debit card,6/24/2023
10228,209,25,501,2,1600,0,3200,debit card,8/29/2022
10229,217,84,503,3,1700,0,5100,debit card,8/18/2023
10230,201,101,505,1,1500,0,1500,debit card,4/19/2023
10231,211,34,502,3,2700,0,8100,bank deposit,9/29/2023
10232,209,71,501,3,1600,0,4800,bank deposit,7/22/2023
10233,219,12,505,1,1900,0,1900,credit card,7/28/2023
10234,210,81,503,4,2500,0,10000,paypal,7/12/2022
10235,217,86,503,1,1700,0,1700,bank deposit,12/28/2022
10236,218,80,501,4,2200,0,8800,paypal,12/10/2022
10237,214,72,505,3,2000,0,6000,paypal,9/25/2023
10238,217,106,501,4,1700,0,6800,paypal,9/3/2022
10239,205,9,505,1,1700,0,1700,credit card,9/24/2023
10240,220,16,505,3,2300,0,6900,bank deposit,10/6/2022
10241,210,30,502,2,2500,0,5000,debit card,9/17/2022
10242,202,28,502,4,2000,0,8000,debit card,6/29/2023
10243,219,3,503,3,1900,0,5700,credit card,7/19/2022
10244,220,66,503,2,2300,0,4600,debit card,10/11/2022
10245,215,110,502,4,1800,0,7200,paypal,8/20/2023
10246,212,3,502,2,2400,0,4800,debit card,7/13/2022
10247,216,10,501,3,1200,0,3600,bank deposit,1/5/2023
10248,219,80,502,1,1900,0,1900,debit card,8/31/2023
10249,208,37,501,4,2300,0,9200,credit card,1/3/2023
10250,220,88,501,1,2300,0,2300,bank deposit,2/21/2023
10251,205,41,503,2,1700,0,3400,debit card,6/16/2023
10252,215,94,503,4,1800,0,7200,debit card,9/25/2023
10253,215,79,501,1,1800,0,1800,bank deposit,4/8/2023
10254,218,18,503,3,2200,0,6600,paypal,6/7/2023
10255,201,35,503,3,1500,0,4500,bank deposit,9/12/2023
10256,217,38,504,3,1700,0,5100,credit card,9/17/2022
10257,204,112,501,3,1200,0,3600,credit card,9/19/2022
10258,203,48,505,3,1800,0,5400,debit card,8/14/2023
10259,215,54,504,4,1800,0,7200,credit card,8/4/2023
10260,209,10,505,1,1600,0,1600,bank deposit,5/20/2023
10261,202,46,504,4,2000,0,8000,bank deposit,8/11/2022
10262,211,77,504,4,2700,0,10800,debit card,7/27/2023
10263,219,58,503,4,1900,0,7600,credit card,5/30/2023
10264,202,20,501,1,2000,0,2000,debit card,7/26/2022
10265,213,103,503,4,1500,0,6000,bank deposit,6/6/2023
10266,212,9,504,3,2400,0,7200,paypal,9/2/2023
10267,216,12,504,2,1200,0,2400,bank deposit,10/13/2022
10268,210,45,503,3,2500,0,7500,debit card,7/11/2022
10269,220,68,505,2,2300,0,4600,paypal,8/9/2022
10270,208,27,501,1,2300,0,2300,paypal,7/24/2022
10271,203,61,504,4,1800,0,7200,paypal,9/22/2023
10272,220,65,504,1,2300,0,2300,bank deposit,1/30/2023
10273,215,34,503,1,1800,0,1800,credit card,8/13/2023
10274,208,9,501,2,2300,0,4600,paypal,8/19/2022
10275,214,95,505,4,2000,0,8000,credit card,11/6/2022
10276,216,15,501,4,1200,0,4800,paypal,10/17/2022
10277,217,9,501,4,1700,0,6800,credit card,3/11/2023
10278,213,77,502,4,1500,0,6000,paypal,1/20/2023
10279,219,14,502,1,1900,0,1900,debit card,5/12/2023
10280,201,36,502,3,1500,0,4500,debit card,11/29/2022
10281,201,107,501,2,1500,0,3000,bank deposit,10/16/2022
10282,214,21,502,4,2000,0,8000,bank deposit,7/15/2023
10283,220,18,504,3,2300,0,6900,bank deposit,7/28/2023
10284,218,10,502,4,2200,0,8800,bank deposit,12/12/2022
10285,211,76,501,4,2700,0,10800,credit card,8/16/2022
10286,218,35,503,2,2200,0,4400,bank deposit,2/20/2023
10287,216,23,501,4,1200,0,4800,credit card,5/1/2023
10288,214,111,503,4,2000,0,8000,debit card,4/8/2023
10289,203,78,501,2,1800,0,3600,debit card,7/1/2022
10290,213,97,503,2,1500,0,3000,debit card,11/12/2022
10291,211,75,503,1,2700,0,2700,paypal,8/9/2022
10292,202,29,505,3,2000,0,6000,credit card,9/2/2023
10293,213,76,505,3,1500,0,4500,bank deposit,9/17/2022
10294,217,39,502,4,1700,0,6800,debit card,12/15/2022
10295,207,12,503,2,1900,0,3800,bank deposit,9/8/2022
10296,207,24,504,1,1900,0,1900,paypal,3/5/2023
10297,217,29,502,1,1700,0,1700,credit card,3/17/2023
10298,216,29,503,1,1200,0,1200,bank deposit,9/3/2023
10299,205,1,504,3,1700,0,5100,paypal,9/19/2023
10300,213,88,504,1,1500,0,1500,bank deposit,7/8/2023
10301,201,74,503,4,1500,0,6000,credit card,7/10/2023
10302,205,31,503,3,1700,0,5100,bank deposit,11/20/2022
10303,206,103,504,2,2200,0,4400,credit card,8/30/2022
10304,206,49,503,1,2200,0,2200,credit card,5/25/2023
10305,210,92,504,1,2500,0,2500,debit card,11/1/2022
10306,203,49,504,3,1800,0,5400,debit card,8/19/2022
10307,213,104,503,2,1500,0,3000,debit card,3/14/2023
10308,207,18,502,4,1900,0,7600,credit card,9/16/2022
10309,212,74,502,2,2400,0,4800,debit card,10/8/2022
10310,212,74,503,3,2400,0,7200,bank deposit,7/12/2023
10311,214,99,505,2,2000,0,4000,debit card,7/5/2023
10312,220,28,503,4,2300,0,9200,paypal,10/14/2022
10313,211,92,502,1,2700,0,2700,bank deposit,10/6/2022
10314,205,78,503,1,1700,0,1700,credit card,5/29/2023
10315,207,56,502,2,1900,0,3800,paypal,4/16/2023
10316,204,78,505,4,1200,0,4800,debit card,1/15/2023
10317,207,96,504,2,1900,0,3800,credit card,11/19/2022
10318,220,58,505,3,2300,0,6900,bank deposit,1/7/2023
10319,212,95,501,2,2400,0,4800,credit card,8/29/2023
10320,203,62,505,4,1800,0,7200,bank deposit,8/7/2023
10321,205,93,504,2,1700,0,3400,credit card,9/13/2022
10322,218,3,505,4,2200,0,8800,debit card,7/7/2022
10323,205,60,505,3,1700,0,5100,credit card,1/12/2023
10324,203,74,504,3,1800,0,5400,credit card,9/30/2023
10325,220,14,504,3,2300,0,6900,debit card,10/20/2022
10326,218,25,504,2,2200,0,4400,bank deposit,7/18/2022
10327,216,93,504,4,1200,0,4800,paypal,9/13/2023
10328,213,22,501,1,1500,0,1500,paypal,8/14/2022
10329,204,63,504,4,1200,0,4800,debit card,6/9/2023
10330,201,20,502,2,1500,0,3000,credit card,3/5/2023
10331,214,64,502,1,2000,0,2000,bank deposit,7/5/2023
10332,215,93,505,3,1800,0,5400,paypal,6/9/2023
10333,206,35,502,2,2200,0,4400,paypal,2/3/2023
10334,207,86,504,3,1900,0,5700,paypal,8/30/2023
10335,209,49,503,3,1600,0,4800,credit card,11/5/2022
10336,216,64,501,4,1200,0,4800,credit card,10/15/2022
10337,219,30,504,3,1900,0,5700,debit card,2/22/2023
10338,209,71,505,4,1600,0,6400,bank deposit,10/5/2022
10339,215,108,504,2,1800,0,3600,debit card,7/16/2023
10340,210,20,502,3,2500,0,7500,paypal,8/7/2023
10341,208,100,502,2,2300,0,4600,bank deposit,5/18/2023
10342,213,63,501,2,1500,0,3000,bank deposit,9/11/2022
10343,212,68,502,4,2400,0,9600,bank deposit,7/23/2023
10344,204,58,504,1,1200,0,1200,paypal,10/25/2022
10345,205,10,501,2,1700,0,3400,bank deposit,3/18/2023
10346,201,75,501,3,1500,0,4500,bank deposit,8/23/2023
10347,212,24,505,3,2400,0,7200,paypal,6/2/2023
10348,205,10,501,3,1700,0,5100,debit card,2/17/2023
10349,218,54,504,4,2200,0,8800,paypal,9/28/2023
10350,220,47,503,1,2300,0,2300,bank deposit,9/22/2022
10351,206,104,501,2,2200,0,4400,credit card,8/19/2022
10352,216,60,501,2,1200,0,2400,credit card,7/18/2022
10353,213,24,505,1,1500,0,1500,paypal,8/2/2023
10354,208,38,504,1,2300,0,2300,bank deposit,9/10/2023
10355,209,23,503,3,1600,0,4800,debit card,5/15/2023
10356,216,21,504,4,1200,0,4800,credit card,7/15/2022
10357,210,43,501,4,2500,0,10000,credit card,7/2/2023
10358,217,15,502,2,1700,0,3400,bank deposit,9/28/2022
10359,201,57,501,2,1500,0,3000,credit card,7/3/2022
10360,218,11,504,2,2200,0,4400,paypal,7/2/2023
10361,201,87,501,2,1500,0,3000,paypal,1/7/2023
10362,201,89,502,1,1500,0,1500,paypal,2/22/2023
10363,211,21,503,3,2700,0,8100,bank deposit,9/5/2023
10364,206,80,501,2,2200,0,4400,paypal,11/22/2022
10365,201,110,503,2,1500,0,3000,credit card,5/22/2023
10366,214,106,504,2,2000,0,4000,paypal,8/25/2022
10367,205,19,505,3,1700,0,5100,bank deposit,12/23/2022
10368,209,49,505,4,1600,0,6400,paypal,12/11/2022
10369,209,107,503,4,1600,0,6400,credit card,8/1/2023
10370,212,55,502,3,2400,0,7200,paypal,6/10/2023
10371,201,83,502,4,1500,0,6000,paypal,7/21/2022
10372,218,15,503,3,2200,0,6600,bank deposit,7/14/2022
10373,216,93,504,1,1200,0,1200,paypal,8/12/2022
10374,220,83,503,1,2300,0,2300,credit card,1/30/2023
10375,214,47,505,2,2000,0,4000,credit card,9/30/2022
10376,217,36,505,3,1700,0,5100,credit card,10/14/2022
10377,216,78,503,4,1200,0,4800,credit card,11/23/2022
10378,211,22,505,4,2700,0,10800,paypal,10/24/2022
10379,207,93,504,1,1900,0,1900,debit card,1/27/2023
10380,220,35,503,4,2300,0,9200,paypal,7/7/2023
10381,220,84,503,3,2300,0,6900,debit card,7/24/2022
10382,219,93,503,1,1900,0,1900,credit card,1/22/2023
10383,207,43,503,3,1900,0,5700,debit card,10/23/2022
10384,211,69,504,2,2700,0,5400,debit card,7/12/2023
10385,207,100,502,4,1900,0,7600,bank deposit,11/23/2022
10386,213,92,503,1,1500,0,1500,bank deposit,9/23/2023
10387,201,103,501,4,1500,0,6000,debit card,5/20/2023
10388,218,45,504,3,2200,0,6600,bank deposit,8/18/2022
10389,220,16,505,2,2300,0,4600,debit card,11/17/2022
10390,212,74,501,4,2400,0,9600,paypal,7/31/2022
10391,207,99,505,2,1900,0,3800,paypal,12/30/2022
10392,206,61,501,4,2200,0,8800,debit card,9/16/2022
10393,214,10,501,3,2000,0,6000,credit card,12/10/2022
10394,220,33,504,4,2300,0,9200,credit card,9/26/2023
10395,207,71,504,2,1900,0,3800,paypal,5/7/2023
10396,218,38,503,1,2200,0,2200,paypal,6/2/2023
10397,210,44,501,3,2500,0,7500,paypal,8/18/2023
10398,217,71,504,2,1700,0,3400,paypal,7/22/2022
10399,213,11,505,1,1500,0,1500,bank deposit,1/31/2023
10400,212,9,502,3,2400,0,7200,credit card,9/18/2023
10401,201,7,501,2,1500,0,3000,paypal,11/29/2022
10402,206,45,504,1,2200,0,2200,paypal,12/24/2022
10403,210,43,504,3,2500,0,7500,paypal,9/28/2023
10404,212,79,502,3,2400,0,7200,credit card,4/29/2023
10405,210,19,505,4,2500,0,10000,paypal,8/25/2023
10406,207,18,503,2,1900,0,3800,credit card,7/26/2023
10407,206,78,501,1,2200,0,2200,credit card,11/15/2022
10408,206,92,504,4,2200,0,8800,credit card,9/8/2023
10409,217,72,501,2,1700,0,3400,debit card,7/10/2023
10410,218,107,501,3,2200,0,6600,credit card,1/28/2023
10411,210,12,501,3,2500,0,7500,paypal,1/10/2023
10412,220,11,503,2,2300,0,4600,debit card,1/30/2023
10413,202,99,505,3,2000,0,6000,paypal,2/16/2023
10414,209,53,504,1,1600,0,1600,debit card,9/9/2022
10415,213,11,502,4,1500,0,6000,debit card,4/25/2023
10416,212,25,502,2,2400,0,4800,bank deposit,5/10/2023
10417,203,92,502,4,1800,0,7200,bank deposit,8/12/2022
10418,207,86,501,3,1900,0,5700,bank deposit,9/11/2023
10419,216,98,503,2,1200,0,2400,credit card,6/13/2023
10420,211,58,501,1,2700,0,2700,paypal,1/29/2023
10421,213,69,502,2,1500,0,3000,debit card,9/17/2023
10422,219,83,502,4,1900,0,7600,debit card,1/26/2023
10423,207,73,502,3,1900,0,5700,paypal,8/20/2023
10424,215,22,502,3,1800,0,5400,debit card,2/24/2023
10425,216,7,505,2,1200,0,2400,paypal,10/8/2022
10426,209,66,503,3,1600,0,4800,credit card,6/21/2023
10427,210,20,503,4,2500,0,10000,paypal,5/4/2023
10428,209,19,504,3,1600,0,4800,paypal,3/5/2023
10429,214,39,503,3,2000,0,6000,bank deposit,6/24/2023
10430,209,77,505,3,1600,0,4800,bank deposit,7/12/2023
10431,213,60,503,4,1500,0,6000,paypal,7/6/2023
10432,211,35,503,2,2700,0,5400,bank deposit,9/24/2022
10433,202,10,503,1,2000,0,2000,paypal,5/30/2023
10434,217,66,501,4,1700,0,6800,paypal,6/3/2023
10435,217,112,504,4,1700,0,6800,credit card,1/9/2023
10436,203,107,502,4,1800,0,7200,debit card,8/6/2022
10437,213,31,502,3,1500,0,4500,paypal,3/30/2023
10438,206,77,501,4,2200,0,8800,debit card,7/8/2023
10439,202,90,503,1,2000,0,2000,paypal,4/27/2023
10440,208,13,505,1,2300,0,2300,paypal,9/21/2022
10441,220,86,502,3,2300,0,6900,paypal,4/19/2023
10442,201,27,505,1,1500,0,1500,credit card,8/17/2022
10443,212,109,505,3,2400,0,7200,paypal,1/31/2023
10444,212,44,505,1,2400,0,2400,credit card,4/4/2023
10445,204,48,503,3,1200,0,3600,paypal,6/5/2023
10446,219,109,502,2,1900,0,3800,credit card,9/7/2022
10447,203,109,501,3,1800,0,5400,debit card,5/9/2023
10448,211,47,502,3,2700,0,8100,paypal,8/31/2022
10449,201,98,504,4,1500,0,6000,paypal,7/7/2023
10450,206,79,501,4,2200,0,8800,bank deposit,7/1/2022
10451,208,52,501,2,2300,0,4600,bank deposit,12/18/2022
10452,206,74,503,4,2200,0,8800,paypal,9/27/2023
10453,214,9,505,4,2000,0,8000,debit card,7/12/2023
10454,210,54,503,4,2500,0,10000,credit card,5/16/2023
10455,209,94,504,3,1600,0,4800,paypal,3/26/2023
10456,202,49,503,4,2000,0,8000,credit card,4/20/2023
10457,202,88,502,3,2000,0,6000,credit card,9/27/2023
10458,206,113,505,1,2200,0,2200,credit card,9/22/2023
10459,218,16,504,2,2200,0,4400,paypal,2/10/2023
10460,213,28,505,1,1500,0,1500,credit card,12/5/2022
10461,217,63,504,2,1700,0,3400,credit card,11/4/2022
10462,213,64,502,4,1500,0,6000,debit card,6/13/2023
10463,210,82,504,4,2500,0,10000,debit card,12/24/2022
10464,206,21,501,4,2200,0,8800,debit card,11/13/2022
10465,209,38,503,3,1600,0,4800,credit card,9/10/2023
10466,209,73,501,1,1600,0,1600,credit card,11/22/2022
10467,213,39,502,4,1500,0,6000,credit card,12/12/2022
10468,217,21,505,1,1700,0,1700,credit card,9/4/2023
10469,215,40,502,3,1800,0,5400,bank deposit,8/10/2022
10470,204,50,503,2,1200,0,2400,bank deposit,7/1/2023
10471,210,5,501,1,2500,0,2500,bank deposit,8/8/2022
10472,203,64,504,4,1800,0,7200,debit card,8/31/2023
10473,202,67,502,3,2000,0,6000,credit card,4/5/2023
10474,214,47,505,1,2000,0,2000,bank deposit,6/23/2023
10475,202,64,501,3,2000,0,6000,paypal,7/13/2023
10476,214,104,502,1,2000,0,2000,credit card,7/17/2023
10477,208,95,501,4,2300,0,9200,paypal,7/9/2022
10478,207,11,502,4,1900,0,7600,credit card,8/5/2022
10479,208,10,503,4,2300,0,9200,paypal,7/23/2023
10480,217,106,504,3,1700,0,5100,credit card,11/14/2022
10481,218,4,501,4,2200,0,8800,paypal,7/14/2022
10482,206,57,501,4,2200,0,8800,debit card,7/17/2022
10483,214,74,503,1,2000,0,2000,paypal,10/22/2022
10484,210,40,502,4,2500,0,10000,debit card,9/12/2023
10485,219,95,503,3,1900,0,5700,debit card,7/3/2022
10486,209,26,504,3,1600,0,4800,credit card,7/6/2023
10487,218,38,503,4,2200,0,8800,credit card,4/22/2023
10488,207,24,505,1,1900,0,1900,paypal,4/20/2023
10489,201,52,504,2,1500,0,3000,credit card,5/16/2023
10490,204,32,503,2,1200,0,2400,bank deposit,7/13/2023
10491,208,68,502,2,2300,0,4600,bank deposit,12/23/2022
10492,209,61,502,3,1600,0,4800,credit card,8/14/2023
10493,218,102,501,4,2200,0,8800,bank deposit,4/20/2023
10494,218,30,504,4,2200,0,8800,bank deposit,7/27/2023
10495,215,88,504,2,1800,0,3600,credit card,3/13/2023
10496,217,79,505,4,1700,0,6800,debit card,9/19/2023
10497,209,93,505,4,1600,0,6400,bank deposit,2/13/2023
10498,217,37,505,4,1700,0,6800,debit card,4/25/2023
10499,218,1,503,3,2200,0,6600,paypal,6/3/2023
10500,202,10,502,3,2000,0,6000,paypal,4/10/2023
10501,207,5,505,2,1900,0,3800,paypal,7/25/2023
10502,207,64,504,3,1900,0,5700,credit card,7/11/2022
10503,204,100,504,4,1200,0,4800,credit card,10/10/2022
10504,208,29,502,2,2300,0,4600,debit card,9/16/2023
10505,201,56,501,1,1500,0,1500,credit card,9/19/2022
10506,203,49,505,4,1800,0,7200,bank deposit,4/9/2023
10507,207,73,504,1,1900,0,1900,debit card,2/24/2023
10508,203,28,504,3,1800,0,5400,bank deposit,8/2/2023
10509,207,32,501,3,1900,0,5700,bank deposit,9/21/2022
10510,201,36,503,4,1500,0,6000,paypal,2/7/2023
10511,207,39,502,1,1900,0,1900,paypal,8/18/2022
10512,214,59,503,3,2000,0,6000,bank deposit,6/14/2023
10513,204,98,502,2,1200,0,2400,debit card,12/12/2022
10514,216,93,501,2,1200,0,2400,bank deposit,3/15/2023
10515,211,75,501,1,2700,0,2700,debit card,2/13/2023
10516,218,29,504,4,2200,0,8800,bank deposit,9/27/2023
10517,204,32,501,4,1200,0,4800,paypal,11/25/2022
10518,219,98,504,3,1900,0,5700,paypal,9/11/2023
10519,220,87,501,1,2300,0,2300,paypal,3/26/2023
10520,205,24,501,1,1700,0,1700,paypal,8/26/2022
10521,207,27,502,1,1900,0,1900,paypal,12/7/2022
10522,203,93,505,2,1800,0,3600,credit card,6/11/2023
10523,216,41,502,3,1200,0,3600,debit card,11/26/2022
10524,204,50,505,2,1200,0,2400,bank deposit,12/17/2022
10525,205,94,501,1,1700,0,1700,bank deposit,7/8/2023
10526,218,44,504,3,2200,0,6600,credit card,3/11/2023
10527,218,89,504,3,2200,0,6600,bank deposit,7/12/2022
10528,204,85,503,2,1200,0,2400,bank deposit,5/30/2023
10529,210,39,504,1,2500,0,2500,bank deposit,10/5/2022
10530,208,68,504,4,2300,0,9200,credit card,5/25/2023
10531,213,66,503,4,1500,0,6000,credit card,10/10/2022
10532,206,3,502,2,2200,0,4400,debit card,7/4/2023
10533,201,9,501,2,1500,0,3000,debit card,9/28/2023
10534,201,11,504,4,1500,0,6000,credit card,2/20/2023
10535,219,38,503,3,1900,0,5700,bank deposit,11/7/2022
10536,207,93,504,3,1900,0,5700,credit card,3/15/2023
10537,220,10,505,2,2300,0,4600,paypal,9/18/2023
10538,211,80,504,3,2700,0,8100,paypal,9/12/2023
10539,209,15,504,3,1600,0,4800,bank deposit,7/25/2022
10540,206,93,501,4,2200,0,8800,debit card,2/5/2023
10541,213,75,502,4,1500,0,6000,paypal,4/28/2023
10542,215,58,505,3,1800,0,5400,debit card,10/3/2022
10543,214,14,504,2,2000,0,4000,credit card,1/17/2023
10544,215,61,503,3,1800,0,5400,credit card,4/17/2023
10545,204,26,501,1,1200,0,1200,credit card,8/17/2023
10546,218,83,503,4,2200,0,8800,debit card,5/9/2023
10547,202,99,501,3,2000,0,6000,debit card,8/24/2022
10548,209,16,502,3,1600,0,4800,credit card,11/22/2022
10549,217,29,505,4,1700,0,6800,paypal,7/22/2022
10550,205,48,501,4,1700,0,6800,debit card,8/26/2022
10551,211,56,501,2,2700,0,5400,credit card,3/27/2023
10552,218,29,503,3,2200,0,6600,credit card,3/8/2023
10553,220,15,502,3,2300,0,6900,credit card,9/11/2022
10554,209,12,505,2,1600,0,3200,bank deposit,6/16/2023
10555,215,24,504,4,1800,0,7200,debit card,11/14/2022
10556,216,68,504,1,1200,0,1200,bank deposit,8/22/2023
10557,201,7,503,3,1500,0,4500,debit card,7/17/2022
10558,219,66,501,4,1900,0,7600,debit card,6/2/2023
10559,201,22,502,4,1500,0,6000,bank deposit,7/3/2022
10560,207,40,505,1,1900,0,1900,credit card,4/4/2023
10561,214,91,503,2,2000,0,4000,debit card,12/1/2022
10562,201,100,505,2,1500,0,3000,paypal,3/18/2023
10563,216,32,503,2,1200,0,2400,credit card,11/24/2022
10564,215,83,504,3,1800,0,5400,paypal,12/18/2022
10565,202,38,502,2,2000,0,4000,credit card,5/23/2023
10566,211,26,503,2,2700,0,5400,credit card,1/18/2023
10567,215,82,503,1,1800,0,1800,credit card,7/30/2022
10568,214,49,503,1,2000,0,2000,credit card,2/26/2023
10569,201,100,503,2,1500,0,3000,bank deposit,4/28/2023
10570,210,27,504,2,2500,0,5000,debit card,12/9/2022
10571,209,6,504,4,1600,0,6400,credit card,11/6/2022
10572,217,57,502,3,1700,0,5100,paypal,4/18/2023
10573,207,110,503,3,1900,0,5700,bank deposit,5/26/2023
10574,204,111,505,4,1200,0,4800,credit card,9/21/2023
10575,202,41,501,1,2000,0,2000,paypal,5/1/2023
10576,213,87,501,2,1500,0,3000,debit card,8/7/2023
10577,202,28,504,2,2000,0,4000,paypal,7/29/2023
10578,213,76,503,2,1500,0,3000,bank deposit,12/23/2022
10579,207,3,501,3,1900,0,5700,credit card,5/24/2023
10580,214,16,503,3,2000,0,6000,credit card,10/10/2022
10581,202,80,505,2,2000,0,4000,paypal,9/18/2023
10582,216,96,501,4,1200,0,4800,debit card,7/20/2022
10583,210,3,502,2,2500,0,5000,bank deposit,8/27/2022
10584,219,107,501,2,1900,0,3800,debit card,8/5/2023
10585,205,44,501,1,1700,0,1700,bank deposit,7/2/2022
10586,212,49,504,4,2400,0,9600,debit card,7/4/2022
10587,208,44,504,3,2300,0,6900,debit card,7/19/2023
10588,218,111,502,4,2200,0,8800,debit card,1/17/2023
10589,204,56,505,4,1200,0,4800,credit card,5/20/2023
10590,204,15,505,3,1200,0,3600,debit card,9/13/2023
10591,202,54,504,4,2000,0,8000,paypal,5/12/2023
10592,214,12,501,3,2000,0,6000,paypal,8/29/2022
10593,218,96,504,2,2200,0,4400,debit card,6/19/2023
10594,218,73,501,3,2200,0,6600,paypal,10/24/2022
10595,209,80,501,1,1600,0,1600,paypal,5/29/2023
10596,218,15,503,3,2200,0,6600,debit card,2/2/2023
10597,219,7,502,2,1900,0,3800,credit card,9/17/2023
10598,210,78,502,3,2500,0,7500,debit card,4/27/2023
10599,220,68,501,2,2300,0,4600,debit card,9/26/2022
10600,205,11,501,2,1700,0,3400,debit card,1/23/2023
10601,201,25,505,1,1500,0,1500,credit card,7/2/2022
10602,212,102,504,4,2400,0,9600,debit card,6/10/2023
10603,218,61,501,3,2200,0,6600,credit card,4/1/2023
10604,215,20,501,3,1800,0,5400,paypal,9/9/2023
10605,204,95,503,4,1200,0,4800,bank deposit,9/1/2023
10606,212,81,502,2,2400,0,4800,paypal,11/22/2022
10607,217,87,503,4,1700,0,6800,debit card,2/23/2023
10608,220,58,503,3,2300,0,6900,bank deposit,8/8/2023
10609,220,57,503,3,2300,0,6900,paypal,1/24/2023
10610,213,63,503,3,1500,0,4500,debit card,7/27/2022
10611,201,68,503,3,1500,0,4500,bank deposit,2/3/2023
10612,213,27,504,3,1500,0,4500,credit card,7/8/2023
10613,201,65,503,2,1500,0,3000,paypal,5/19/2023
10614,217,9,505,4,1700,0,6800,bank deposit,12/29/2022
10615,218,58,502,3,2200,0,6600,bank deposit,7/27/2023
10616,215,62,505,3,1800,0,5400,bank deposit,2/1/2023
10617,205,108,503,4,1700,0,6800,bank deposit,8/26/2022
10618,215,107,504,3,1800,0,5400,credit card,4/5/2023
10619,212,36,505,3,2400,0,7200,paypal,7/5/2023
10620,219,15,504,3,1900,0,5700,bank deposit,4/29/2023
10621,203,47,502,4,1800,0,7200,debit card,2/20/2023
10622,219,97,503,2,1900,0,3800,bank deposit,9/19/2023
10623,215,111,504,1,1800,0,1800,paypal,8/26/2023
10624,209,96,504,3,1600,0,4800,paypal,2/17/2023
10625,220,74,503,2,2300,0,4600,debit card,3/30/2023
10626,214,16,502,1,2000,0,2000,paypal,9/11/2023
10627,203,103,504,3,1800,0,5400,bank deposit,8/26/2023
10628,218,51,501,2,2200,0,4400,paypal,8/17/2023
10629,201,44,503,1,1500,0,1500,debit card,1/7/2023
10630,203,54,503,2,1800,0,3600,debit card,2/25/2023
10631,205,109,502,1,1700,0,1700,credit card,4/18/2023
10632,220,13,504,1,2300,0,2300,bank deposit,10/19/2022
10633,206,44,503,4,2200,0,8800,credit card,10/6/2022
10634,210,12,504,3,2500,0,7500,bank deposit,9/29/2023
10635,211,33,503,3,2700,0,8100,bank deposit,12/8/2022
10636,215,81,505,2,1800,0,3600,debit card,11/28/2022
10637,212,37,505,2,2400,0,4800,debit card,8/31/2023
10638,210,101,503,2,2500,0,5000,bank deposit,4/13/2023
10639,215,43,501,1,1800,0,1800,bank deposit,9/6/2023
10640,212,106,501,2,2400,0,4800,credit card,11/9/2022
10641,206,63,505,4,2200,0,8800,credit card,7/28/2022
10642,216,27,503,1,1200,0,1200,credit card,11/12/2022
10643,211,59,504,4,2700,0,10800,debit card,12/24/2022
10644,218,1,504,4,2200,0,8800,credit card,9/22/2023
10645,207,97,502,1,1900,0,1900,bank deposit,10/15/2022
10646,217,47,505,1,1700,0,1700,credit card,10/16/2022
10647,205,72,504,2,1700,0,3400,paypal,6/9/2023
10648,218,16,501,3,2200,0,6600,paypal,10/6/2022
10649,208,35,505,2,2300,0,4600,debit card,8/11/2022
10650,206,87,503,2,2200,0,4400,bank deposit,6/25/2023
10651,204,67,502,2,1200,0,2400,bank deposit,1/17/2023
10652,216,89,505,3,1200,0,3600,paypal,1/3/2023
10653,212,107,503,4,2400,0,9600,credit card,6/20/2023
10654,218,25,504,1,2200,0,2200,bank deposit,1/21/2023
10655,206,12,502,1,2200,0,2200,credit card,9/9/2022
10656,217,79,504,1,1700,0,1700,credit card,8/6/2022
10657,202,6,501,1,2000,0,2000,debit card,7/16/2023
10658,219,54,505,2,1900,0,3800,bank deposit,1/8/2023
10659,215,74,503,4,1800,0,7200,credit card,7/12/2022
10660,205,69,502,1,1700,0,1700,debit card,5/16/2023
10661,201,6,501,1,1500,0,1500,bank deposit,3/16/2023
10662,215,90,502,3,1800,0,5400,paypal,9/11/2023
10663,219,77,502,3,1900,0,5700,credit card,1/29/2023
10664,203,107,501,3,1800,0,5400,bank deposit,7/30/2023
10665,205,4,505,1,1700,0,1700,debit card,2/22/2023
10666,202,70,502,4,2000,0,8000,debit card,2/17/2023
10667,206,11,501,2,2200,0,4400,debit card,2/5/2023
10668,215,16,503,1,1800,0,1800,paypal,8/13/2023
10669,220,113,502,4,2300,0,9200,debit card,12/26/2022
10670,203,72,505,2,1800,0,3600,paypal,3/30/2023
10671,207,34,504,3,1900,0,5700,debit card,5/13/2023
10672,201,72,504,3,1500,0,4500,bank deposit,7/27/2022
10673,203,68,501,4,1800,0,7200,paypal,4/4/2023
10674,205,18,504,4,1700,0,6800,credit card,8/12/2023
10675,205,5,503,2,1700,0,3400,credit card,5/24/2023
10676,202,70,501,1,2000,0,2000,credit card,4/14/2023
10677,214,4,503,3,2000,0,6000,bank deposit,5/22/2023
10678,212,1,501,4,2400,0,9600,credit card,5/2/2023
10679,214,75,504,1,2000,0,2000,bank deposit,2/1/2023
10680,202,2,502,1,2000,0,2000,credit card,8/20/2023
10681,211,50,503,3,2700,0,8100,paypal,7/3/2022
10682,217,65,505,3,1700,0,5100,bank deposit,9/17/2022
10683,215,21,502,1,1800,0,1800,credit card,4/9/2023
10684,220,70,502,3,2300,0,6900,credit card,9/5/2022
10685,211,77,502,4,2700,0,10800,debit card,8/6/2022
10686,203,85,505,1,1800,0,1800,credit card,9/21/2023
10687,201,74,505,2,1500,0,3000,bank deposit,4/13/2023
10688,215,21,501,3,1800,0,5400,credit card,7/12/2022
10689,212,97,502,2,2400,0,4800,debit card,2/1/2023
10690,217,99,502,3,1700,0,5100,credit card,3/21/2023
10691,201,113,503,4,1500,0,6000,bank deposit,8/9/2023
10692,217,91,503,2,1700,0,3400,debit card,7/4/2022
10693,203,47,504,1,1800,0,1800,debit card,10/14/2022
10694,202,27,503,3,2000,0,6000,debit card,6/5/2023
10695,209,26,503,3,1600,0,4800,credit card,7/19/2023
10696,213,17,502,4,1500,0,6000,paypal,12/13/2022
10697,215,93,503,4,1800,0,7200,debit card,7/4/2022
10698,220,73,504,1,2300,0,2300,debit card,11/2/2022
10699,210,86,504,4,2500,0,10000,credit card,1/22/2023
10700,211,5,505,1,2700,0,2700,credit card,9/10/2022
10701,217,27,505,4,1700,0,6800,bank deposit,10/28/2022
10702,209,113,504,2,1600,0,3200,credit card,6/29/2023
10703,206,80,505,4,2200,0,8800,bank deposit,8/20/2022
10704,202,51,503,2,2000,0,4000,paypal,7/9/2023
10705,211,53,502,1,2700,0,2700,debit card,10/8/2022
10706,217,24,502,2,1700,0,3400,bank deposit,9/6/2022
10707,202,109,501,2,2000,0,4000,paypal,6/3/2023
10708,211,3,505,2,2700,0,5400,credit card,9/14/2022
10709,204,75,505,3,1200,0,3600,bank deposit,2/25/2023
10710,211,82,502,1,2700,0,2700,bank deposit,7/1/2023
10711,218,85,501,2,2200,0,4400,bank deposit,9/29/2023
10712,201,38,503,4,1500,0,6000,debit card,8/21/2023
10713,219,19,503,3,1900,0,5700,bank deposit,9/13/2023
10714,201,25,501,1,1500,0,1500,bank deposit,1/2/2023
10715,205,109,501,1,1700,0,1700,bank deposit,1/9/2023
10716,206,35,503,3,2200,0,6600,debit card,6/24/2023
10717,215,75,501,4,1800,0,7200,debit card,8/27/2022
10718,201,70,501,3,1500,0,4500,bank deposit,12/2/2022
10719,215,57,503,1,1800,0,1800,paypal,7/10/2023
10720,207,86,501,2,1900,0,3800,bank deposit,11/14/2022
10721,216,52,503,2,1200,0,2400,bank deposit,6/7/2023
10722,201,26,504,1,1500,0,1500,debit card,1/31/2023
10723,206,5,502,1,2200,0,2200,credit card,1/17/2023
10724,204,46,505,4,1200,0,4800,credit card,9/20/2022
10725,213,79,504,2,1500,0,3000,credit card,9/25/2022
10726,205,24,503,2,1700,0,3400,paypal,8/14/2022
10727,210,69,503,1,2500,0,2500,paypal,11/5/2022
10728,211,78,501,1,2700,0,2700,credit card,8/28/2022
10729,201,39,503,2,1500,0,3000,paypal,5/19/2023
10730,207,25,505,4,1900,0,7600,debit card,7/24/2022
10731,208,16,501,1,2300,0,2300,credit card,12/30/2022
10732,203,32,503,2,1800,0,3600,paypal,1/16/2023
10733,205,90,502,4,1700,0,6800,credit card,11/3/2022
10734,220,29,502,4,2300,0,9200,debit card,3/17/2023
10735,216,14,503,2,1200,0,2400,paypal,10/12/2022
10736,201,68,503,4,1500,0,6000,bank deposit,1/7/2023
10737,202,93,502,2,2000,0,4000,debit card,8/21/2022
10738,212,111,501,3,2400,0,7200,bank deposit,12/24/2022
10739,208,111,505,2,2300,0,4600,credit card,5/15/2023
10740,216,59,502,3,1200,0,3600,credit card,10/11/2022
10741,203,28,505,1,1800,0,1800,debit card,3/22/2023
10742,219,26,504,4,1900,0,7600,paypal,8/22/2023
10743,201,62,503,4,1500,0,6000,credit card,2/20/2023
10744,216,1,504,3,1200,0,3600,paypal,7/9/2022
10745,217,73,501,3,1700,0,5100,bank deposit,6/9/2023
10746,204,88,505,1,1200,0,1200,credit card,9/24/2023
10747,209,47,504,4,1600,0,6400,debit card,8/19/2023
10748,205,99,505,3,1700,0,5100,paypal,5/24/2023
10749,202,62,503,1,2000,0,2000,paypal,7/25/2023
10750,212,64,503,3,2400,0,7200,debit card,9/14/2023
10751,210,53,503,3,2500,0,7500,paypal,9/2/2022
10752,210,53,503,1,2500,0,2500,credit card,7/24/2023
10753,210,76,504,4,2500,0,10000,bank deposit,4/24/2023
10754,216,99,502,4,1200,0,4800,bank deposit,12/29/2022
10755,208,5,501,2,2300,0,4600,credit card,11/14/2022
10756,218,5,503,1,2200,0,2200,paypal,8/30/2022
10757,220,55,502,3,2300,0,6900,bank deposit,8/25/2022
10758,212,77,504,4,2400,0,9600,credit card,2/4/2023
10759,213,64,501,3,1500,0,4500,debit card,9/13/2022
10760,204,51,504,1,1200,0,1200,paypal,12/31/2022
10761,209,30,504,2,1600,0,3200,paypal,8/24/2023
10762,215,86,504,1,1800,0,1800,credit card,7/23/2023
10763,218,64,501,1,2200,0,2200,bank deposit,3/12/2023
10764,218,102,502,4,2200,0,8800,bank deposit,2/26/2023
10765,205,67,503,1,1700,0,1700,bank deposit,5/2/2023
10766,215,44,505,1,1800,0,1800,credit card,9/1/2022
10767,216,107,502,1,1200,0,1200,bank deposit,7/30/2022
10768,210,110,505,4,2500,0,10000,credit card,6/10/2023
10769,213,72,504,1,1500,0,1500,bank deposit,6/7/2023
10770,208,10,502,4,2300,0,9200,debit card,5/31/2023
10771,216,49,502,2,1200,0,2400,bank deposit,7/18/2022
10772,202,48,502,2,2000,0,4000,bank deposit,4/28/2023
10773,220,44,504,4,2300,0,9200,debit card,8/1/2023
10774,215,28,503,2,1800,0,3600,debit card,8/17/2023
10775,218,113,505,4,2200,0,8800,credit card,2/27/2023
10776,203,95,502,1,1800,0,1800,debit card,4/5/2023
10777,216,16,502,4,1200,0,4800,debit card,7/15/2023
10778,214,85,504,1,2000,0,2000,credit card,12/6/2022
10779,216,67,502,3,1200,0,3600,paypal,9/2/2022
10780,201,19,503,1,1500,0,1500,bank deposit,8/23/2022
10781,208,6,504,4,2300,0,9200,credit card,6/30/2023
10782,216,112,502,4,1200,0,4800,credit card,5/21/2023
10783,210,50,502,2,2500,0,5000,bank deposit,7/30/2023
10784,217,106,504,2,1700,0,3400,paypal,7/25/2022
10785,201,92,505,2,1500,0,3000,debit card,5/17/2023
10786,208,75,502,2,2300,0,4600,paypal,11/23/2022
10787,212,70,502,4,2400,0,9600,paypal,4/5/2023
10788,208,112,501,4,2300,0,9200,debit card,9/13/2023
10789,214,53,502,1,2000,0,2000,credit card,6/21/2023
10790,206,7,501,4,2200,0,8800,debit card,4/18/2023
10791,205,4,504,1,1700,0,1700,paypal,2/7/2023
10792,204,2,504,4,1200,0,4800,bank deposit,7/20/2022
10793,203,81,505,4,1800,0,7200,bank deposit,6/28/2023
10794,207,108,501,2,1900,0,3800,paypal,4/8/2023
10795,209,47,505,4,1600,0,6400,credit card,8/16/2023
10796,220,32,505,4,2300,0,9200,bank deposit,4/7/2023
10797,208,90,501,3,2300,0,6900,debit card,9/23/2022
10798,204,94,505,3,1200,0,3600,bank deposit,9/24/2023
10799,217,19,502,4,1700,0,6800,debit card,10/3/2022
10800,206,82,503,1,2200,0,2200,debit card,7/28/2023
10801,215,103,505,1,1800,0,1800,bank deposit,10/6/2022
10802,203,98,502,2,1800,0,3600,paypal,9/2/2022
10803,214,17,502,1,2000,0,2000,bank deposit,8/8/2023
10804,214,11,501,1,2000,0,2000,debit card,6/16/2023
10805,217,15,504,1,1700,0,1700,bank deposit,10/25/2022
10806,208,21,501,1,2300,0,2300,bank deposit,9/11/2023
10807,204,51,503,4,1200,0,4800,bank deposit,11/2/2022
10808,215,104,502,2,1800,0,3600,paypal,7/14/2022
10809,201,8,502,3,1500,0,4500,debit card,2/19/2023
10810,218,59,502,3,2200,0,6600,bank deposit,10/4/2022
10811,212,44,502,2,2400,0,4800,credit card,2/8/2023
10812,217,82,501,1,1700,0,1700,paypal,2/5/2023
10813,214,72,501,4,2000,0,8000,bank deposit,5/24/2023
10814,209,42,502,3,1600,0,4800,debit card,7/24/2023
10815,212,90,501,1,2400,0,2400,bank deposit,12/1/2022
10816,209,63,501,4,1600,0,6400,debit card,1/10/2023
10817,210,6,501,1,2500,0,2500,bank deposit,9/18/2023
10818,218,19,501,4,2200,0,8800,paypal,2/15/2023
10819,209,42,503,2,1600,0,3200,paypal,9/5/2022
10820,220,85,502,2,2300,0,4600,debit card,6/23/2023
10821,217,50,503,4,1700,0,6800,bank deposit,1/3/2023
10822,217,48,504,4,1700,0,6800,credit card,9/3/2023
10823,205,94,502,3,1700,0,5100,bank deposit,7/27/2023
10824,219,74,503,3,1900,0,5700,debit card,3/5/2023
10825,202,110,505,4,2000,0,8000,bank deposit,9/20/2022
10826,211,93,501,3,2700,0,8100,credit card,10/18/2022
10827,208,108,502,3,2300,0,6900,paypal,8/2/2022
10828,208,70,505,3,2300,0,6900,debit card,1/22/2023
10829,204,16,501,1,1200,0,1200,paypal,11/16/2022
10830,217,55,502,2,1700,0,3400,debit card,2/6/2023
10831,214,50,502,1,2000,0,2000,credit card,4/8/2023
10832,214,12,501,3,2000,0,6000,paypal,10/8/2022
10833,210,73,503,3,2500,0,7500,credit card,8/6/2023
10834,219,37,503,4,1900,0,7600,bank deposit,5/4/2023
10835,212,76,502,1,2400,0,2400,bank deposit,6/5/2023
10836,206,20,501,4,2200,0,8800,debit card,6/16/2023
10837,207,65,502,3,1900,0,5700,credit card,3/8/2023
10838,205,102,502,2,1700,0,3400,credit card,2/14/2023
10839,213,105,505,4,1500,0,6000,credit card,11/18/2022
10840,212,33,505,1,2400,0,2400,bank deposit,10/13/2022
10841,204,33,501,3,1200,0,3600,bank deposit,1/16/2023
10842,206,12,503,2,2200,0,4400,debit card,9/15/2022
10843,208,113,504,3,2300,0,6900,bank deposit,9/8/2022
10844,204,90,505,2,1200,0,2400,bank deposit,1/7/2023
10845,206,47,502,2,2200,0,4400,bank deposit,1/16/2023
10846,205,98,505,3,1700,0,5100,debit card,11/19/2022
10847,211,1,502,2,2700,0,5400,credit card,1/1/2023
10848,213,109,504,4,1500,0,6000,credit card,3/12/2023
10849,203,113,504,4,1800,0,7200,credit card,12/11/2022
10850,218,35,502,4,2200,0,8800,bank deposit,1/16/2023
10851,219,72,503,3,1900,0,5700,credit card,4/27/2023
10852,203,108,503,4,1800,0,7200,bank deposit,7/24/2023
10853,213,63,501,1,1500,0,1500,credit card,1/18/2023
10854,213,108,504,4,1500,0,6000,paypal,8/22/2023
10855,219,69,503,2,1900,0,3800,debit card,6/15/2023
10856,205,74,502,2,1700,0,3400,bank deposit,11/6/2022
10857,210,38,504,4,2500,0,10000,paypal,5/11/2023
10858,210,12,502,1,2500,0,2500,credit card,5/31/2023
10859,208,54,505,2,2300,0,4600,bank deposit,2/27/2023
10860,216,61,502,2,1200,0,2400,paypal,6/17/2023
10861,204,50,504,4,1200,0,4800,debit card,6/1/2023
10862,212,112,501,4,2400,0,9600,bank deposit,6/5/2023
10863,217,35,504,2,1700,0,3400,debit card,5/16/2023
10864,220,62,503,3,2300,0,6900,credit card,12/2/2022
10865,211,1,504,3,2700,0,8100,debit card,11/12/2022
10866,215,26,502,1,1800,0,1800,paypal,7/14/2022
10867,201,74,504,4,1500,0,6000,debit card,2/17/2023
10868,201,8,501,1,1500,0,1500,credit card,3/2/2023
10869,205,89,501,1,1700,0,1700,credit card,6/23/2023
10870,215,93,503,1,1800,0,1800,bank deposit,12/18/2022
10871,211,88,502,3,2700,0,8100,credit card,1/8/2023
10872,217,94,503,1,1700,0,1700,bank deposit,4/22/2023
10873,201,66,504,3,1500,0,4500,bank deposit,11/6/2022
10874,216,11,505,2,1200,0,2400,debit card,2/26/2023
10875,207,74,501,3,1900,0,5700,paypal,9/11/2023
10876,212,72,501,2,2400,0,4800,paypal,5/15/2023
10877,210,43,501,3,2500,0,7500,paypal,9/22/2023
10878,220,21,502,4,2300,0,9200,bank deposit,9/20/2022
10879,201,64,503,2,1500,0,3000,debit card,8/21/2022
10880,205,83,501,2,1700,0,3400,credit card,12/1/2022
10881,202,61,504,3,2000,0,6000,credit card,8/11/2022
10882,218,9,503,2,2200,0,4400,debit card,9/22/2023
10883,201,60,501,3,1500,0,4500,credit card,2/1/2023
10884,213,53,504,4,1500,0,6000,credit card,8/22/2023
10885,208,92,505,3,2300,0,6900,paypal,1/4/2023
10886,210,72,502,4,2500,0,10000,credit card,7/31/2022
10887,201,8,504,4,1500,0,6000,debit card,8/4/2022
10888,219,87,501,2,1900,0,3800,credit card,7/23/2022
10889,202,32,503,4,2000,0,8000,paypal,7/20/2022
10890,205,93,504,4,1700,0,6800,credit card,5/25/2023
10891,203,73,504,2,1800,0,3600,credit card,9/16/2023
10892,220,10,502,3,2300,0,6900,bank deposit,9/9/2023
10893,203,51,503,2,1800,0,3600,debit card,9/8/2022
10894,219,21,505,4,1900,0,7600,debit card,6/14/2023
10895,208,80,501,3,2300,0,6900,bank deposit,4/13/2023
10896,220,1,501,1,2300,0,2300,paypal,3/27/2023
10897,215,100,505,1,1800,0,1800,bank deposit,11/25/2022
10898,202,64,503,2,2000,0,4000,paypal,11/29/2022
10899,216,58,501,4,1200,0,4800,credit card,4/24/2023
10900,212,76,504,1,2400,0,2400,bank deposit,3/27/2023
10901,214,101,504,1,2000,0,2000,bank deposit,6/21/2023
10902,208,25,504,2,2300,0,4600,bank deposit,10/30/2022
10903,204,48,503,3,1200,0,3600,bank deposit,6/5/2023
10904,217,45,502,2,1700,0,3400,paypal,12/13/2022
10905,217,55,502,3,1700,0,5100,debit card,5/18/2023
10906,208,103,502,3,2300,0,6900,debit card,1/2/2023
10907,209,68,504,3,1600,0,4800,debit card,12/23/2022
10908,210,12,504,1,2500,0,2500,paypal,3/9/2023
10909,207,90,505,1,1900,0,1900,paypal,8/30/2023
10910,220,87,502,1,2300,0,2300,credit card,1/20/2023
10911,208,7,502,1,2300,0,2300,credit card,4/24/2023
10912,213,38,505,4,1500,0,6000,bank deposit,12/20/2022
10913,210,106,503,4,2500,0,10000,paypal,2/23/2023
10914,210,71,502,4,2500,0,10000,bank deposit,6/17/2023
10915,204,31,501,2,1200,0,2400,credit card,12/2/2022
10916,218,84,501,2,2200,0,4400,credit card,7/8/2023
10917,210,91,505,3,2500,0,7500,credit card,8/29/2022
10918,209,21,503,3,1600,0,4800,bank deposit,9/4/2023
10919,220,45,503,1,2300,0,2300,paypal,6/27/2023
10920,211,4,504,1,2700,0,2700,credit card,7/2/2023
10921,203,103,502,2,1800,0,3600,credit card,4/23/2023
10922,218,18,503,2,2200,0,4400,paypal,9/1/2022
